MSTATE,zip_clean,parcel_count,avg_parcel_value,median_parcel_value,total_parcel_value,min_parcel_value,max_parcel_value
NC,27587,23664,549744,505945,13009144368,100,18677249
NC,27519,20048,691283,632798,13858848274,15050,7553086
NC,27526,18821,479344,454253,9021730288,100,8129285
NC,27610,16388,351019,320995,5752495670,1050,15390906
NC,27502,16384,594154,543461,9734613995,1,26218033
NC,27540,14834,622225,573243,9230084214,3060,508074046
NC,27616,14683,394534,367551,5792944533,1,26651018
NC,27615,13621,614344,507621,8367973244,440,71143808
NC,27603,13213,482006,406789,6368747606,1,29899939
NC,27513,13081,617077,530111,8071984730,720,28542515
NC,27613,13066,602690,548140,7874745692,100,38155942
NC,27529,11307,390399,352056,4414243371,75,21541020
NC,27604,10848,436512,344266,4735279998,100,30145826
NC,27614,10682,690355,621468,7374370318,100,24603376
NC,27612,10283,647323,545848,6656423519,100,84283874
NC,27545,9584,389847,364037,3736293813,190,14176277
NC,27511,9072,574055,471923,5207827978,1800,16970625
NC,27609,8724,764061,538169,6665669562,1750,53010113
NC,27591,8283,372570,350782,3085997376,228,6173740
NC,27539,8181,590548,563594,4831275593,1250,11800518
NC,27606,7528,560704,470192,4220976087,102,34885706
NC,27560,7151,596259,521478,4263846421,5620,11059304
NC,27518,6683,765575,666279,5116335004,1359,94126893
NC,27523,6331,717317,652110,4541332999,2800,11541850
NC,27597,5877,358121,333605,2104675496,283,10694785
NC,27607,4793,800889,624692,3838658874,100,40427119
NC,27617,4086,630188,460169,2574947387,8000,65824234
NC,27608,3937,1070364,943870,4214023677,25500,44904387
NC,27592,3286,414194,413534,1361040447,1850,5601041
NC,27571,3204,498502,495437,1597201166,31590,7092133
NC,27562,1765,675722,664581,1192649628,113,2893403
NC,27601,1517,1290569,553884,1957793352,100,123170526
NC,27605,1000,1316971,785828,1316971150,44244,104637156
NC,27501,602,377565,377293,227294160,4000,3457336
NC,27703,537,510977,401684,274394751,27500,7082397
NC,27520,504,377474,335046,190247055,6120,3234120
NC,27596,344,332092,302457,114239674,5940,2900200
NC,27602,295,1051626,270000,310229815,1480,21521174
NC,27611,277,1019578,321264,282423054,1680,17735439
NC,27713,272,544534,361896,148113121,43875,7493887
NC,27512,231,686591,440552,158602542,34850,14559758
NC,27588,197,785893,324792,154821019,35000,40743423
NC,27619,192,1320750,566074,253584084,9034,57725271
NC,27624,181,664692,398821,120309293,110513,8018642
NC,27517,179,709300,377182,126964622,52860,29722913
NC,27514,178,787177,425052,140117570,45000,12060583
NC,27527,173,417400,313316,72210155,13440,3317203
NC,27675,154,1060713,354422,163349799,442,21194826
NC,27628,150,1184612,627264,177691770,62500,7964360
NC,27516,133,586742,428187,78036696,140860,4220257
NC,27522,128,431607,295564,55245751,2380,2911249
NC,27312,126,508190,391863,64031885,135635,3492542
NC,27622,119,873758,344393,103977186,5250,24379300
NC,27699,115,298203,126750,34293292,100,6649060
NC,27629,113,710083,296226,80239341,64840,17341174
NC,27549,112,443145,296149,49632262,11600,3077014
NC,27658,107,983813,428471,105268017,115380,33257264
NC,27707,105,763386,430441,80155480,15750,14137293
NC,28277,96,466999,343932,44831899,187774,7893266
NC,27705,93,1760230,465902,163701390,108000,46672170
NC,27525,81,602643,292283,48814117,17000,9398900
NC,27330,77,545340,379053,41991174,1800,5517778
NC,27577,74,1207163,478062,89330046,35000,7914871
NC,27620,72,343220,270188,24711837,93500,2491376
NC,27278,65,390742,337383,25398229,42000,2239224
NC,27627,64,574402,361084,36761736,18000,5893050
NC,27704,61,543129,253820,33130841,1000,6438813
NC,27804,58,843905,413869,48946506,105000,5433055
NC,27504,56,448137,304157,25095690,57750,4379991
NC,27636,54,686223,494862,37056021,162928,2724676
NC,27712,54,389064,352984,21009452,159452,815920
NC,28412,48,438243,324819,21035651,20000,2844125
NC,27858,48,816042,364783,39169997,82250,8786971
NC,28512,46,732899,396380,33713354,75000,4899221
NC,28173,45,838741,430473,37743355,257892,9249308
NC,28557,42,571503,347342,24003109,94124,6784719
NC,28411,42,616158,391312,25878646,13000,4297417
NC,28403,41,710698,485637,29138623,12070,3980667
NC,27534,41,1043015,387163,42763618,73420,9775866
NC,28409,40,514445,347325,20577801,43750,3187581
NC,28562,40,676174,376868,27046941,90000,5399459
NC,27661,40,771479,300988,30859167,35000,11412287
NC,27701,39,945955,469439,36892258,221717,12035722
NC,27896,38,765045,446773,29071702,85780,3799576
NC,27623,36,521072,345623,18758601,102324,3452262
NC,27410,35,465162,355275,16280681,1104,2215800
NC,27893,35,658611,517050,23051391,125525,2857302
NC,28329,35,1418907,1339278,49661759,323557,3174832
NC,28374,35,847287,437537,29655032,149940,9562151
NC,28594,35,424373,333724,14853045,90080,941881
NC,27546,33,334965,309670,11053854,37500,1075219
NC,28027,33,403267,385627,13307817,209622,808114
NC,28314,32,445766,426461,14264516,70000,1176589
NC,27455,31,534726,362223,16576497,95480,2502397
NC,28211,31,5359231,1141516,166136174,238430,50405258
NC,28443,29,430456,380225,12483215,75000,1908852
NC,28480,29,1332643,727993,38646654,120000,5775050
NC,27565,28,544955,374517,15258751,14000,2340270
NC,28465,28,489053,448486,13693473,113256,1082285
NC,27265,27,536296,407691,14479994,241648,2057606
NC,28405,27,898023,409070,24246629,75000,6995486
NC,28445,27,479328,369490,12941856,178976,1779895
NC,28202,26,3218207,923051,83673374,564,18228399
NC,27803,26,760598,369621,19775536,139505,9203976
NC,28078,26,1737542,385715,45176099,244091,16062844
NC,27524,25,336305,272817,8407632,81520,1264240
NC,27850,25,439378,389016,10984454,84000,1178909
NC,28075,25,394113,379218,9852819,240799,876588
NC,27576,25,475669,293020,11891726,75000,2355337
NC,27215,24,421376,321322,10113021,17600,2460021
NC,28516,24,621545,401670,14917090,70000,2754123
NC,27559,24,536991,350907,12887796,170264,3807456
NC,28209,24,4896541,664515,117516974,60280,46755454
NC,28451,24,530819,518044,12739651,273569,893325
NC,27407,23,1908441,385866,43894132,71550,25567532
NC,27557,23,285871,301758,6575030,45588,855422
NC,27834,23,424542,355384,9764471,175700,1350982
NC,27709,22,1236340,409714,27199476,222385,7571513
NC,27856,22,309623,301286,6811700,116200,701778
NC,27106,21,724135,498258,15206841,241374,2868456
NC,27530,21,566620,336092,11899024,25451,3067727
NC,28031,21,427279,367843,8972855,253183,1057693
NC,28607,21,444348,400659,9331303,266868,875013
NC,27302,20,312251,285616,6245028,70500,605157
NC,28570,20,362908,343598,7258154,121000,654106
NC,28334,20,412623,345382,8252461,2,1922744
NC,27510,19,420624,371642,7991856,250781,894723
NC,27702,19,1596364,940506,30330924,85536,4208827
NC,28204,19,1662273,722578,31583179,243494,8558821
NC,28303,19,519866,415738,9877459,215428,2497915
NC,28326,19,747355,419806,14199743,257130,3690216
NC,27408,19,875054,476917,16626019,183493,4534742
NC,28105,18,591584,344080,10648513,121000,2159460
NC,27537,18,504157,309072,9074823,69761,2456713
NC,28803,18,1079855,666500,19437392,281293,3652727
NC,27536,18,632528,411993,11385497,49610,2981820
NC,28117,18,834548,447739,15021859,226293,4293996
NC,28352,18,317059,258574,5707067,161377,784752
NC,28110,18,385204,355663,6933667,251456,715676
NC,27253,17,657741,366859,11181603,80000,4232997
NC,27282,17,657307,394476,11174211,140000,3265199
NC,28270,17,455610,414385,7745368,266897,864485
NC,28306,17,441371,404244,7503302,180000,983369
NC,28387,16,1262107,475527,20193716,80500,13082634
NC,28036,16,578246,486854,9251928,207887,1288679
NC,28217,16,2263886,453201,36222174,243741,10406904
NC,28328,16,729876,463444,11678009,351237,3263018
NC,28401,16,506475,450697,8103601,287460,1164440
NC,28428,16,376785,346313,6028564,250351,732392
NC,28449,16,453134,344951,7250138,209992,855129
NC,28584,16,361530,337220,5784487,84032,594219
NC,28605,16,690625,672798,11050001,221014,1384920
NC,28205,16,1003596,612347,16057531,243262,7807779
NC,28546,16,483177,397428,7730839,308539,757845
NC,28311,16,370378,395826,5926041,120000,503047
NC,27344,16,546338,407021,8741400,218503,2020807
NC,28540,15,519092,382393,7786380,239614,1451954
NC,28601,15,476279,435606,7144191,277656,998277
NC,28208,15,1130596,382391,16958935,247748,8127627
NC,28226,15,1571199,566365,23567981,222953,5858018
NC,28210,15,1195991,339703,17939858,213516,11846220
NC,28590,15,422312,397286,6334677,272245,897440
NC,27358,14,401070,405015,5614973,275190,601393
NC,28462,14,412189,333809,5770642,78838,1057083
NC,28560,14,460296,427588,6444149,282983,787288
NC,28806,14,854307,384822,11960294,239054,7415978
NC,27406,14,634335,376498,8880692,216509,2376657
NC,28037,14,392008,418403,5488113,186503,589833
NC,28271,14,1554287,1180396,21760022,199944,7719907
NC,27870,14,509816,323638,7137422,162101,2673881
NC,27310,13,388459,377806,5049965,284065,513873
NC,27528,13,356746,338617,4637699,67050,626928
NC,28269,13,271555,276413,3530221,137036,487323
NC,28227,13,698865,447365,9085241,259422,1678756
NC,27332,13,425588,381527,5532644,250769,705707
NC,27405,13,918059,314789,11934763,162204,3419557
NC,28214,13,357761,332614,4650891,225201,646175
NC,28262,13,2737176,305302,35583286,194584,32017336
NC,27882,13,242820,231309,3156658,20000,428269
NC,28504,13,832596,347864,10823750,265966,4312702
NC,27006,13,355128,306645,4616658,115500,1006705
NC,27284,13,853018,463942,11089237,292955,2698277
NC,28203,13,2166544,1324893,28165074,315223,7449400
NC,28501,13,985891,267947,12816582,28500,5492241
NC,27103,12,641888,433114,7702655,252526,2156553
NC,27012,12,676289,432762,8115466,265568,2525309
NC,27292,11,410090,380182,4510994,245769,655474
NC,27360,11,1945234,737064,21397576,305633,8564684
NC,27401,11,1858058,744266,20438636,67400,10400656
NC,27205,11,505894,424092,5564837,275449,1232807
NC,27551,11,404293,366482,4447222,75000,699907
NC,28215,11,500587,412723,5506456,234422,1262211
NC,27104,11,1677180,517709,18448978,305366,6757208
NC,27515,11,435434,444146,4789769,245577,766351
NC,27842,11,329012,324971,3619137,80950,451375
NC,28469,11,431232,394790,4743555,65000,963645
NC,27101,10,2538281,2118500,25382814,549799,4927949
NC,27331,10,1175498,525672,11754979,103865,5943754
NC,27361,10,923038,679387,9230376,388158,1858098
NC,27542,10,302619,207773,3026188,80000,999290
NC,27889,10,607121,447588,6071214,326535,1162746
NC,28273,10,1865185,393797,18651847,261040,14261434
NC,28704,10,368719,334801,3687192,262227,492687
NC,28104,10,984331,403944,9843308,152536,6437543
NC,28390,10,337201,314142,3372013,224889,444795
NC,28304,10,934019,341766,9340192,177085,5940406
NC,28711,10,440340,391048,4403398,217484,666113
NC,28379,10,599319,562785,5993190,164264,1032719
NC,27409,9,5757199,448340,51814791,236179,48419355
NC,27650,9,539286,558810,4853570,166378,1093567
NC,28801,9,397657,354451,3578912,216936,702549
NC,28804,9,573854,571876,5164688,119538,1065145
NC,28305,9,963507,487698,8671562,370827,4976172
NC,28604,9,559029,560930,5031259,209123,1055100
NC,27589,9,410049,398580,3690438,229532,582460
NC,28327,9,387836,396699,3490525,295868,524728
NC,28335,9,1016624,608071,9149614,202228,2840741
NC,28461,9,446878,448296,4021904,218161,669447
NC,28467,9,505027,369615,4545245,279067,1104588
NC,27023,9,370706,392566,3336353,200000,596179
NC,27521,9,216044,186875,1944396,100000,445744
NC,27894,8,501454,255993,4011629,31364,1802613
NC,27954,8,829744,492161,6637950,284929,2226293
NC,28025,8,498309,367362,3986475,38260,1153593
NC,28213,8,561869,396254,4494952,235368,1740065
NC,28301,8,451711,312832,3613684,182026,1118410
NC,28365,8,554081,352757,4432646,208942,1789354
NC,28115,8,493843,430203,3950742,317024,695285
NC,27932,8,460523,409589,3684187,321804,718171
NC,27376,8,397447,382418,3179576,259055,617144
NC,27717,8,1083875,459426,8671003,339985,4652330
NC,27301,8,332139,264576,2657113,223095,518875
NC,27895,8,629531,285347,5036244,187379,1502111
NC,28460,8,399766,338239,3198129,75000,896015
NC,28206,8,1157000,340924,9256000,242874,3817510
NC,28315,8,506136,398373,4049086,288953,1087733
NC,28337,7,1393271,546880,9752900,113750,4767652
NC,27102,7,5746059,1739461,40222411,97685,31009295
NC,28655,7,632650,439100,4428549,398581,1797024
NC,27886,7,875416,489949,6127913,209224,1861916
NC,27574,7,656508,401568,4595555,260285,1738976
NC,28358,7,486984,316303,3408890,109560,1314736
NC,28532,7,399965,444654,2799758,82452,486359
NC,28571,7,386549,408716,2705846,190466,608358
NC,28001,7,507967,326979,3555771,110000,1654490
NC,28056,7,1275307,418300,8927150,8154,6712147
NC,27207,6,333199,318198,1999194,276945,423348
NC,27508,6,353242,240370,2119451,149550,768578
NC,27807,6,300855,320031,1805132,191349,414003
NC,28453,6,455421,282650,2732523,201137,1156752
NC,28787,6,432095,349696,2592569,190950,745389
NC,27404,6,15475661,720481,92853963,682980,88803655
NC,28278,6,709448,272607,4256688,136000,2446046
NC,27030,6,448168,385679,2689006,331225,707820
NC,28388,6,766808,470539,4600847,177725,2205123
NC,28681,6,435294,382373,2611765,271601,734504
NC,28753,6,302163,299041,1812979,187100,370317
NC,28805,6,473489,430666,2840936,279957,704991
NC,27127,6,771126,442300,4626753,184330,2554602
NC,27553,6,323337,333171,1940024,115000,463247
NC,27909,6,653419,418902,3920512,256544,1377725
NC,27910,6,1138300,524976,6829802,322287,2468497
NC,28376,6,377732,329132,2266391,270660,498800
NC,28630,6,383773,321504,2302636,220632,652618
NC,27863,6,563197,303159,3379179,139971,1461654
NC,28012,6,4531536,329243,27189216,273691,25321672
NC,28079,6,796820,384819,4780921,321862,2885367
NC,27244,6,396348,380327,2378085,267436,526390
NC,27959,5,421208,422355,2106041,235401,531298
NC,28144,5,591763,576659,2958816,325999,958366
NC,28348,5,374778,305478,1873889,273210,528790
NC,28786,5,1325118,511110,6625588,334376,2801135
NC,27533,5,2492982,1568638,12464908,1435564,4319838
NC,28216,5,949668,310181,4748340,109028,3530658
NC,28625,5,370993,321646,1854965,288109,594606
NC,28732,5,465031,491386,2325155,282484,615329
NC,27040,5,349114,383911,1745570,265414,401237
NC,27235,5,486753,472500,2433763,442663,547830
NC,27948,5,366214,296165,1831072,231469,635407
NC,27949,5,496479,462361,2482396,357031,727858
NC,28693,5,359921,320250,1799605,269698,578531
NC,27107,5,262830,286059,1314148,188656,343401
NC,27258,5,972172,422215,4860861,352673,3213285
NC,27569,5,331510,300211,1657549,253820,481614
NC,27573,5,476176,297334,2380880,274100,1211112
NC,27583,5,329036,248228,1645179,102862,590610
NC,27809,5,345498,281262,1727491,263915,551860
NC,27817,5,412586,310427,2062931,278790,635988
NC,28468,5,663086,543646,3315432,368508,1396280
NC,28709,5,371097,368107,1855485,342926,414157
NC,28212,5,6482527,392105,32412635,298576,27977711
NC,27343,4,664587,507949,2658346,300728,1169055
NC,27835,4,2116756,1800771,8467023,638202,4216959
NC,28168,4,618026,466453,2472104,442086,1013428
NC,28207,4,540324,260480,2161294,158078,1277598
NC,28281,4,319827,350000,1279309,212175,366284
NC,28580,4,381153,299541,1524612,260939,598334
NC,28713,4,670349,654260,2681396,401033,845483
NC,28380,4,684739,454812,2738957,41380,1669950
NC,27249,4,437542,357031,1750166,332365,592500
NC,27572,4,413943,316155,1655771,242826,776440
NC,27983,4,315089,280365,1260356,251375,407783
NC,28677,4,409972,278017,1639887,267063,585422
NC,27262,4,408505,265833,1634018,176147,688718
NC,27349,4,581800,370492,2327198,330174,1174454
NC,27503,4,360497,319486,1441986,308336,468632
NC,27828,4,336531,319129,1346124,285456,389398
NC,28247,4,366402,412710,1465608,196664,438241
NC,28323,4,306696,204519,1226784,139861,591547
NC,28391,4,446653,407434,1786610,329588,603512
NC,28394,4,948263,425913,3793052,237741,2426116
NC,28624,4,432060,430434,1728238,423706,437796
NC,28645,4,470584,443972,1882337,408512,529979
NC,28694,4,343983,324180,1375931,205969,493945
NC,27243,4,420309,353902,1681234,306440,585996
NC,27288,4,444399,456756,1777594,246642,575457
NC,27298,4,395810,355674,1583241,302561,462503
NC,27808,4,336462,317051,1345848,265254,438957
NC,27816,4,257118,228405,1028471,203058,321599
NC,27830,4,321077,295587,1284307,153277,492650
NC,27927,4,482010,342350,1928040,191996,757754
NC,28120,4,296684,265823,1186735,233612,417563
NC,28312,4,270553,231298,1082212,198636,403150
NC,28551,4,961190,242605,3844758,190483,3067288
NC,28627,4,413171,308142,1652685,197528,600038
NC,28658,4,1693385,409290,6773540,243940,5593956
NC,28734,4,426667,367122,1706668,183945,728452
NC,28134,4,1558145,435920,6232580,353027,3537190
NC,28429,4,411270,394785,1645081,322612,510381
NC,27563,4,227038,208493,908151,201952,285739
NC,27874,3,379495,389759,1138486,252077,496650
NC,27891,3,219063,260488,657190,130200,266502
NC,28318,3,392205,264120,1176616,229879,682617
NC,28574,3,656246,567147,1968738,425862,975729
NC,28744,3,454158,392294,1362475,333261,636920
NC,28759,3,499257,557552,1497771,222108,718111
NC,27593,3,595942,271817,1787827,245708,1270302
NC,28166,3,511880,521029,1535641,391112,623500
NC,28697,3,403791,421255,1211374,280595,509524
NC,27120,3,1652836,257175,4958507,214245,4487087
NC,27371,3,964096,622411,2892288,320955,1948922
NC,27544,3,314950,327992,944851,181851,435008
NC,27626,3,422541,380033,1267624,205506,682085
NC,28150,3,359039,348933,1077116,257967,470216
NC,28345,3,265167,279816,795502,227398,288288
NC,28422,3,448992,434192,1346977,362396,550389
NC,28510,3,380850,303998,1142551,257338,581215
NC,28712,3,299638,293329,898915,243388,362198
NC,28792,3,272832,253386,818497,251302,313809
NC,27316,3,533041,339222,1599122,337055,922845
NC,27320,3,353060,377289,1059179,304077,377813
NC,27370,3,294125,269231,882375,225695,387449
NC,27715,3,1080482,386369,3241445,348025,2507051
NC,27944,3,292857,341425,878571,129000,408146
NC,27960,3,418327,335688,1254982,331880,587414
NC,28081,3,344245,356646,1032736,291682,384408
NC,28107,3,382114,347080,1146341,293468,505793
NC,28320,3,425935,428379,1277806,382605,466822
NC,28398,3,885003,494611,2655010,218215,1942184
NC,28457,3,382779,298747,1148337,268467,581123
NC,28458,3,156877,88270,470631,82500,299861
NC,28513,3,261558,259549,784674,223757,301368
NC,28602,3,1820696,489199,5462089,326661,4646229
NC,28613,3,434440,458107,1303319,280006,565206
NC,28640,3,412898,364716,1238694,318544,555434
NC,28722,3,171964,215466,515891,1200,299225
NC,28754,3,1370039,1465558,4110116,445806,2198752
NC,28791,3,417347,377830,1252040,306722,567488
NC,27306,3,606212,91476,1818635,48351,1678808
NC,28086,3,1056563,1202091,3169689,282831,1684767
NC,27263,3,714828,820975,2144484,305959,1017550
NC,27377,3,346016,320776,1038048,300057,417215
NC,28054,3,1864573,2203211,5593719,967257,2423251
NC,28716,2,743553,730913,1487106,730913,756193
NC,27045,2,3014988,577992,6029975,577992,5451983
NC,27281,2,348331,320078,696662,320078,376584
NC,27532,2,1851394,1808082,3702788,1808082,1894706
NC,28396,2,586892,304677,1173784,304677,869107
NC,28406,2,819363,801169,1638725,801169,837556
NC,28779,2,368764,302059,737528,302059,435469
NC,27351,2,320270,226604,640539,226604,413935
NC,27231,2,423028,342259,846055,342259,503796
NC,27252,2,398869,215824,797738,215824,581914
NC,27313,2,359804,332274,719607,332274,387333
NC,28147,2,353825,261414,707650,261414,446236
NC,28444,2,385650,380182,771299,380182,391117
NC,28721,2,351875,324367,703749,324367,379382
NC,27155,2,325939,265302,651878,265302,386576
NC,27506,2,426483,418339,852966,418339,434627
NC,27599,2,151480,64960,302960,64960,238000
NC,28370,2,1233364,342794,2466727,342794,2123933
NC,28377,2,342980,325859,685960,325859,360101
NC,28578,2,296489,275448,592977,275448,317529
NC,28626,2,428043,207773,856086,207773,648313
NC,27025,2,472756,371867,945512,371867,573645
NC,27105,2,290001,165032,580002,165032,414970
NC,27214,2,292996,242176,585992,242176,343816
NC,27216,2,797589,294072,1595178,294072,1301106
NC,27217,2,321906,221783,643811,221783,422028
NC,27239,2,690568,309512,1381136,309512,1071624
NC,27285,2,1684932,510000,3369863,510000,2859863
NC,27295,2,560887,535434,1121774,535434,586340
NC,27341,2,249807,245871,499613,245871,253742
NC,27403,2,2289350,375553,4578700,375553,4203147
NC,27507,2,393071,342120,786141,342120,444021
NC,27543,2,454156,309143,908312,309143,599169
NC,27581,2,672021,598088,1344041,598088,745953
NC,27802,2,330083,219580,660165,219580,440585
NC,27822,2,196888,147665,393776,147665,246111
NC,27976,2,277546,239832,555092,239832,315260
NC,28002,2,814758,341246,1629516,341246,1288270
NC,28053,2,1385850,43124,2771700,43124,2728576
NC,28097,2,428853,267516,857706,267516,590190
NC,28125,2,398360,321322,796720,321322,475398
NC,28127,2,544232,431832,1088464,431832,656632
NC,28128,2,461489,442225,922978,442225,480753
NC,28302,2,1828837,326204,3657674,326204,3331470
NC,28339,2,300146,241636,600292,241636,358656
NC,28425,2,445327,434319,890654,434319,456335
NC,28470,2,346473,303241,692946,303241,389705
NC,28472,2,2259175,289101,4518349,289101,4229248
NC,28503,2,994131,254826,1988261,254826,1733435
NC,28544,2,356152,326151,712303,326151,386152
NC,28585,2,621900,505190,1243800,505190,738610
NC,28610,2,235435,146279,470870,146279,324591
NC,28692,2,378388,343609,756776,343609,413167
NC,28739,2,1859919,313185,3719837,313185,3406652
NC,28756,2,265279,156643,530557,156643,373914
NC,28772,2,497056,474535,994111,474535,519576
NC,27317,2,452191,391512,904381,391512,512869
NC,27505,2,263083,195156,526166,195156,331010
NC,27801,2,390741,95050,781481,95050,686431
NC,27864,2,2025541,268314,4051081,268314,3782767
NC,28904,2,427270,322009,854540,322009,532531
NC,27962,2,161798,150000,323596,150000,173596
NC,27837,2,528029,528029,1056058,528029,528029
NC,27242,2,553065,318210,1106129,318210,787919
NC,27892,2,2806772,333280,5613543,333280,5280263
NC,28103,2,648339,365136,1296678,365136,931542
NC,28372,2,324389,313772,648778,313772,335006
NC,27584,1,518304,518304,518304,518304,518304
NC,27823,1,650194,650194,650194,650194,650194
NC,27839,1,353520,353520,353520,353520,353520
NC,28420,1,4166589,4166589,4166589,4166589,4166589
NC,28479,1,1066060,1066060,1066060,1066060,1066060
NC,28575,1,1454355,1454355,1454355,1454355,1454355
NC,28675,1,275279,275279,275279,275279,275279
NC,28730,1,277556,277556,277556,277556,277556
NC,28906,1,611222,611222,611222,611222,611222
NC,27017,1,253523,253523,253523,253523,253523
NC,28431,1,328330,328330,328330,328330,328330
NC,28441,1,329270,329270,329270,329270,329270
NC,28573,1,725269,725269,725269,725269,725269
NC,28741,1,663855,663855,663855,663855,663855
NC,27019,1,305529,305529,305529,305529,305529
NC,27028,1,298506,298506,298506,298506,298506
NC,27041,1,294244,294244,294244,294244,294244
NC,27048,1,331765,331765,331765,331765,331765
NC,27233,1,229137,229137,229137,229137,229137
NC,27355,1,525700,525700,525700,525700,525700
NC,27417,1,463533,463533,463533,463533,463533
NC,27880,1,328803,328803,328803,328803,328803
NC,27897,1,287936,287936,287936,287936,287936
NC,28090,1,290513,290513,290513,290513,290513
NC,28092,1,226554,226554,226554,226554,226554
NC,28221,1,363874,363874,363874,363874,363874
NC,28307,1,318666,318666,318666,318666,318666
NC,28353,1,361939,361939,361939,361939,361939
NC,28515,1,291452,291452,291452,291452,291452
NC,28651,1,349346,349346,349346,349346,349346
NC,28679,1,227705,227705,227705,227705,227705
NC,28752,1,270254,270254,270254,270254,270254
NC,27009,1,328837,328837,328837,328837,328837
NC,27011,1,189537,189537,189537,189537,189537
NC,27052,1,164264,164264,164264,164264,164264
NC,27209,1,421064,421064,421064,421064,421064
NC,27299,1,1393920,1393920,1393920,1393920,1393920
NC,27340,1,446053,446053,446053,446053,446053
NC,27342,1,319034,319034,319034,319034,319034
NC,27356,1,353668,353668,353668,353668,353668
NC,27420,1,209516,209516,209516,209516,209516
NC,27425,1,1104991,1104991,1104991,1104991,1104991
NC,27438,1,289174,289174,289174,289174,289174
NC,27810,1,408219,408219,408219,408219,408219
NC,27831,1,263430,263430,263430,263430,263430
NC,27833,1,414329,414329,414329,414329,414329
NC,27843,1,392824,392824,392824,392824,392824
NC,27871,1,347327,347327,347327,347327,347327
NC,27885,1,307939,307939,307939,307939,307939
NC,27915,1,620281,620281,620281,620281,620281
NC,27966,1,306338,306338,306338,306338,306338
NC,28111,1,1371388,1371388,1371388,1371388,1371388
NC,28124,1,327222,327222,327222,327222,327222
NC,28174,1,307211,307211,307211,307211,307211
NC,28219,1,1414081,1414081,1414081,1414081,1414081
NC,28299,1,465657,465657,465657,465657,465657
NC,28349,1,321280,321280,321280,321280,321280
NC,28351,1,302266,302266,302266,302266,302266
NC,28408,1,2300495,2300495,2300495,2300495,2300495
NC,28463,1,264857,264857,264857,264857,264857
NC,28502,1,358554,358554,358554,358554,358554
NC,28518,1,262177,262177,262177,262177,262177
NC,28520,1,382472,382472,382472,382472,382472
NC,28526,1,310392,310392,310392,310392,310392
NC,28530,1,495251,495251,495251,495251,495251
NC,28531,1,375892,375892,375892,375892,375892
NC,28561,1,8454086,8454086,8454086,8454086,8454086
NC,28609,1,463494,463494,463494,463494,463494
NC,28701,1,389642,389642,389642,389642,389642
NC,28705,1,429898,429898,429898,429898,429898
NC,28748,1,343218,343218,343218,343218,343218
NC,28751,1,312546,312546,312546,312546,312546
NC,28777,1,285285,285285,285285,285285,285285
NC,28789,1,250000,250000,250000,250000,250000
NC,28814,1,369335,369335,369335,369335,369335
NC,28145,1,4651848,4651848,4651848,4651848,4651848
NC,28434,1,137212,137212,137212,137212,137212
NC,27509,1,441501,441501,441501,441501,441501
NC,27921,1,294725,294725,294725,294725,294725
NC,27968,1,447412,447412,447412,447412,447412
NC,28231,1,305828,305828,305828,305828,305828
NC,28356,1,336,336,336,336,336
NC,28657,1,391512,391512,391512,391512,391512
NC,28676,1,485161,485161,485161,485161,485161
NC,28678,1,338530,338530,338530,338530,338530
NC,28685,1,323134,323134,323134,323134,323134
NC,28774,1,412364,412364,412364,412364,412364
NC,28528,1,386065,386065,386065,386065,386065
NC,27203,1,4998159,4998159,4998159,4998159,4998159
NC,27928,1,283030,283030,283030,283030,283030
NC,28106,1,2782112,2782112,2782112,2782112,2782112
NC,27283,1,279105,279105,279105,279105,279105
NC,27357,1,457789,457789,457789,457789,457789
NC,27865,1,304340,304340,304340,304340,304340
NC,28080,1,1748590,1748590,1748590,1748590,1748590
NC,28112,1,464405,464405,464405,464405,464405
NC,28682,1,450994,450994,450994,450994,450994
NC,28788,1,711095,711095,711095,711095,711095
NC,27016,1,470680,470680,470680,470680,470680
NC,27054,1,229318,229318,229318,229318,229318
NC,27429,1,13554981,13554981,13554981,13554981,13554981
NC,27690,1,1188792,1188792,1188792,1188792,1188792
NC,27695,1,1133590,1133590,1133590,1133590,1133590
NC,27812,1,677609,677609,677609,677609,677609
NC,27860,1,70498,70498,70498,70498,70498
NC,27883,1,302184,302184,302184,302184,302184
NC,27964,1,115000,115000,115000,115000,115000
NC,28021,1,309484,309484,309484,309484,309484
NC,28222,1,1886892,1886892,1886892,1886892,1886892
NC,28230,1,381744,381744,381744,381744,381744
NC,28266,1,901063,901063,901063,901063,901063
NC,28395,1,972264,972264,972264,972264,972264
NC,28439,1,664616,664616,664616,664616,664616
NC,28459,1,3396496,3396496,3396496,3396496,3396496
NC,28466,1,546216,546216,546216,546216,546216
NC,28478,1,164249,164249,164249,164249,164249
NC,28508,1,292858,292858,292858,292858,292858
NC,28523,1,323754,323754,323754,323754,323754
NC,28525,1,1998069,1998069,1998069,1998069,1998069
NC,28547,1,392769,392769,392769,392769,392769
NC,28603,1,3389303,3389303,3389303,3389303,3389303
NC,28618,1,36000,36000,36000,36000,36000
NC,28665,1,506738,506738,506738,506738,506738
NC,28778,1,360906,360906,360906,360906,360906
NC,28785,1,565797,565797,565797,565797,565797
NC,29545,1,244953,244953,244953,244953,244953
NC,27031,1,453358,453358,453358,453358,453358
NC,27293,1,7699948,7699948,7699948,7699948,7699948
NC,27851,1,279511,279511,279511,279511,279511
NC,28220,1,1524254,1524254,1524254,1524254,1524254
NC,28359,1,259088,259088,259088,259088,259088
NC,28404,1,525913,525913,525913,525913,525913
NC,28519,1,1266723,1266723,1266723,1266723,1266723
NC,28714,1,518063,518063,518063,518063,518063
NC,28761,1,67500,67500,67500,67500,67500
NC,28746,1,494786,494786,494786,494786,494786
NC,27986,1,229672,229672,229672,229672,229672
NC,27229,1,300538,300538,300538,300538,300538
NC,27541,1,353392,353392,353392,353392,353392
NC,27687,1,283547,283547,283547,283547,283547
NC,28023,1,296509,296509,296509,296509,296509
NC,28164,1,489389,489389,489389,489389,489389
NC,28237,1,1240779,1240779,1240779,1240779,1240779
NC,28344,1,589755,589755,589755,589755,589755
NC,28366,1,408090,408090,408090,408090,408090
NC,28749,1,516866,516866,516866,516866,516866
